FORMULA,LABEL,UNITS,201101,201102,201103,201104,201105,201106,201107,201108,201109,201110,201111,201112,201201,201202,201203,201204,201205,201206,201207,201208,201209,201210,201211,201212,201301,201302,201303,201304,201305,201306,201307,201308,201309,201310,201311,201312,201401,201402,201403,201404,201405,201406,201407,201408,201409,201410,201411,201412,201501,201502,201503,201504,201505,201506,201507,201508,201509,201510,201511,201512,201601,201602,201603,201604,201605,201606,201607,201608,201609,201610,201611,201612,201701,201702,201703,201704,201705,201706,201707,201708,201709,201710,201711,201712
,Supply,,,,,,,,,,,,,,,,,,,,,,,,,,,,,,,,,,,,,,,,,,,,,,,,,,,,,,,,,,,,,,,,,,,,,,,,,,,,,,,,,,,,,
,Crude Oil Supply,,,,,,,,,,,,,,,,,,,,,,,,,,,,,,,,,,,,,,,,,,,,,,,,,,,,,,,,,,,,,,,,,,,,,,,,,,,,,,,,,,,,,
COPRPUS,Domestic Production,million barrels per day,5.49,5.39,5.61,5.55,5.61,5.58,5.43,5.64,5.57,5.86,5.97,6.04,6.14,6.24,6.25,6.25,6.30,6.26,6.42,6.36,6.56,6.94,7.02,7.08,7.07,7.13,7.20,7.38,7.30,7.26,7.47,7.52,7.74,7.71,7.88,7.93,8.03,8.13,8.26,8.60,8.60,8.72,8.81,8.88,9.05,9.23,9.31,9.50,9.38,9.52,9.57,9.63,9.47,9.32,9.42,9.38,9.42,9.36,9.30,9.23,9.19,9.15,9.17,8.95,8.88,8.71,8.69,8.74,8.60,8.63,8.69,8.73,8.68,8.67,8.69,8.72,8.71,8.70,8.74,8.67,8.59,8.77,8.91,8.94
PAPRPAK,Alaska,million barrels per day,0.46,0.61,0.61,0.61,0.58,0.55,0.45,0.53,0.58,0.57,0.59,0.59,0.59,0.58,0.57,0.55,0.55,0.49,0.42,0.40,0.50,0.55,0.55,0.56,0.55,0.54,0.53,0.52,0.52,0.49,0.49,0.43,0.51,0.52,0.54,0.55,0.54,0.52,0.53,0.54,0.52,0.48,0.42,0.40,0.48,0.50,0.51,0.51,0.50,0.49,0.51,0.51,0.47,0.45,0.45,0.41,0.47,0.50,0.52,0.52,0.52,0.51,0.51,0.49,0.51,0.47,0.44,0.46,0.45,0.47,0.49,0.48,0.48,0.47,0.48,0.49,0.45,0.43,0.42,0.42,0.44,0.47,0.49,0.49
PAPRPGLF,Federal Gulf of Mexico,million barrels per day,1.56,1.41,1.39,1.35,1.37,1.32,1.21,1.27,1.09,1.29,1.28,1.26,1.31,1.33,1.38,1.27,1.19,1.11,1.25,1.10,1.18,1.33,1.37,1.38,1.33,1.32,1.25,1.34,1.20,1.12,1.24,1.19,1.32,1.18,1.30,1.29,1.30,1.33,1.32,1.42,1.41,1.41,1.43,1.44,1.42,1.43,1.39,1.45,1.45,1.46,1.38,1.50,1.40,1.41,1.57,1.63,1.66,1.58,1.52,1.60,1.61,1.57,1.64,1.59,1.60,1.54,1.56,1.65,1.60,1.67,1.75,1.78,1.80,1.82,1.83,1.85,1.86,1.84,1.86,1.78,1.67,1.81,1.93,1.98
PAPR48NGOM,Other Lower 48 States (excl. GOM),million barrels per day,3.46,3.37,3.60,3.60,3.65,3.70,3.76,3.84,3.89,4.01,4.10,4.19,4.24,4.33,4.31,4.43,4.56,4.66,4.75,4.86,4.88,5.06,5.10,5.15,5.19,5.27,5.41,5.52,5.58,5.66,5.74,5.91,5.91,6.01,6.05,6.10,6.19,6.28,6.41,6.64,6.67,6.82,6.96,7.04,7.15,7.30,7.41,7.53,7.43,7.57,7.68,7.61,7.59,7.46,7.40,7.35,7.29,7.28,7.26,7.10,7.07,7.07,7.03,6.87,6.78,6.70,6.69,6.64,6.55,6.49,6.46,6.47,6.41,6.39,6.37,6.38,6.40,6.42,6.45,6.47,6.48,6.48,6.48,6.48
CONIPUS,Crude Oil Net Imports,million barrels per day,9.11,8.15,9.15,8.80,9.02,9.20,9.20,8.90,8.88,8.86,8.66,8.66,8.45,8.49,8.70,8.59,8.91,9.15,8.63,8.60,8.31,8.04,8.11,7.53,7.85,7.16,7.39,7.62,7.61,7.61,7.95,8.03,7.82,7.36,7.16,7.55,7.34,6.95,7.02,7.27,6.86,6.67,7.21,7.08,7.15,6.77,6.77,6.80,6.68,6.66,7.15,6.61,6.72,6.88,6.81,7.26,6.82,6.60,7.05,7.51,7.31,7.54,7.53,7.05,7.28,7.23,7.62,7.38,7.46,7.29,7.45,7.44,7.12,7.01,7.42,7.57,7.35,7.40,7.58,7.78,7.80,7.28,7.51,7.43
COSQ_DRAW,SPR Net Withdrawals,million barrels per day,0.01,0.00,0.00,0.00,0.00,0.00,0.27,0.70,0.02,0.00,0.00,0.00,0.00,0.00,0.00,0.00,0.00,0.00,0.00,0.00,0.03,0.00,0.00,-0.01,-0.02,-0.01,0.00,0.00,0.00,0.00,0.00,0.00,0.00,0.00,0.00,0.00,0.00,0.00,0.00,0.09,0.08,0.00,0.00,0.00,0.01,0.01,0.00,0.00,0.01,0.00,0.01,0.00,-0.05,-0.05,-0.04,0.00,0.01,0.01,0.01,0.00,0.01,0.01,0.01,0.00,0.01,0.00,0.00,0.01,0.01,0.01,0.00,0.00,0.00,0.00,0.00,0.00,0.00,0.00,0.00,0.00,0.00,0.01,0.01,0.01
COSX_DRAW,Commercial Inventory Net Withdrawals,million barrels per day,-0.37,-0.12,-0.37,-0.20,-0.05,0.41,0.30,-0.02,0.55,-0.22,0.01,0.21,-0.31,-0.17,-0.80,-0.31,-0.22,0.05,0.50,0.33,-0.23,-0.20,-0.10,0.47,-0.37,-0.27,-0.25,-0.10,0.14,0.48,0.30,0.07,-0.23,-0.28,0.28,0.55,-0.29,-0.32,-0.31,-0.35,-0.00,0.37,0.50,0.25,-0.04,-0.63,-0.17,-0.13,-0.91,-0.93,-0.90,-0.32,0.12,0.34,0.45,-0.03,-0.11,-0.84,-0.03,0.22,-0.63,-0.68,-0.42,-0.16,-0.09,0.37,0.26,0.21,0.46,-0.44,0.12,0.39,-0.23,-0.14,-0.25,-0.11,0.17,0.45,0.46,0.20,0.01,-0.15,0.14,0.41
COUNPUS,Crude Oil Adjustment,million barrels per day,0.19,0.25,0.07,0.08,0.14,0.11,0.39,0.33,0.26,0.07,0.31,-0.06,0.09,0.06,0.32,0.08,0.10,0.17,0.11,0.03,0.24,0.07,0.05,0.26,0.04,0.22,0.37,-0.04,0.26,0.48,0.32,0.17,0.30,0.20,0.31,0.04,0.23,0.37,0.14,0.24,0.41,0.05,0.01,0.26,-0.08,-0.01,0.13,0.30,0.32,0.10,-0.18,0.35,0.14,0.22,0.24,0.09,0.04,0.32,0.13,-0.21,0.12,-0.12,-0.18,0.11,0.20,0.13,0.08,0.26,-0.12,0.05,0.15,0.16,0.21,0.17,0.19,0.12,0.19,0.25,0.23,0.20,0.21,0.15,0.15,0.16
CORIPUS,Total Crude Oil Input to Refineries,million barrels per day,14.42,13.68,14.45,14.23,14.72,15.29,15.59,15.56,15.27,14.57,14.96,14.84,14.37,14.62,14.48,14.61,15.10,15.64,15.67,15.32,14.91,14.84,15.09,15.33,14.57,14.23,14.70,14.86,15.30,15.83,16.04,15.79,15.64,14.99,15.63,16.07,15.31,15.13,15.12,15.86,15.95,15.82,16.53,16.46,16.07,15.36,16.04,16.47,15.46,15.34,15.64,16.27,16.40,16.70,16.88,16.70,16.17,15.44,16.46,16.74,15.99,15.88,16.11,15.94,16.28,16.43,16.64,16.59,16.39,15.53,16.41,16.73,15.78,15.71,16.05,16.30,16.42,16.79,17.01,16.85,16.62,16.07,16.71,16.96
,Other Supply,,,,,,,,,,,,,,,,,,,,,,,,,,,,,,,,,,,,,,,,,,,,,,,,,,,,,,,,,,,,,,,,,,,,,,,,,,,,,,,,,,,,,
PAGLPUS,Refinery Processing Gain,million barrels per day,1.02,0.95,1.02,1.01,1.08,1.11,1.12,1.13,1.12,1.08,1.11,1.13,1.05,1.06,1.07,1.03,1.09,1.10,1.07,1.05,1.00,1.01,1.03,1.15,1.06,0.97,1.01,1.09,1.04,1.09,1.13,1.11,1.14,1.08,1.13,1.18,1.11,1.06,0.99,1.08,1.01,1.12,1.11,1.16,1.02,1.03,1.18,1.10,1.08,1.02,1.01,1.07,1.08,1.03,1.09,1.10,1.05,1.04,1.07,1.11,1.11,1.06,1.04,1.07,1.14,1.11,1.18,1.14,1.03,1.04,1.07,1.10,1.05,1.01,1.03,1.05,1.06,1.08,1.08,1.10,1.08,1.05,1.10,1.11
NLPRPUS,Natural Gas Plant Liquids Production,million barrels per day,2.11,2.01,2.19,2.19,2.23,2.19,2.21,2.23,2.17,2.31,2.37,2.36,2.38,2.40,2.38,2.38,2.39,2.34,2.33,2.37,2.46,2.51,2.54,2.42,2.38,2.49,2.48,2.51,2.56,2.54,2.62,2.72,2.79,2.77,2.75,2.66,2.70,2.71,2.83,2.95,2.96,3.09,3.11,3.14,3.19,3.20,3.12,3.16,3.05,3.16,3.24,3.38,3.34,3.32,3.36,3.42,3.44,3.49,3.50,3.42,3.30,3.33,3.51,3.50,3.59,3.62,3.57,3.40,3.46,3.52,3.50,3.51,3.45,3.51,3.64,3.62,3.71,3.76,3.87,3.93,3.99,4.04,4.07,4.07
PARNPUS,Renewables and Oxygenates Production,million barrels per day,0.98,0.97,1.00,0.99,0.99,1.01,1.00,1.03,1.01,1.02,1.08,1.09,1.02,1.01,0.99,1.00,1.02,1.00,0.93,0.95,0.92,0.90,0.91,0.90,0.89,0.90,0.95,0.97,1.01,1.03,1.02,1.00,1.00,1.05,1.08,1.10,1.00,1.00,1.02,1.04,1.06,1.09,1.09,1.05,1.06,1.04,1.06,1.13,1.05,1.05,1.05,1.06,1.10,1.14,1.12,1.10,1.09,1.10,1.11,1.12,1.10,1.12,1.14,1.09,1.14,1.17,1.17,1.18,1.13,1.13,1.13,1.12,1.13,1.12,1.12,1.11,1.13,1.14,1.14,1.11,1.13,1.11,1.13,1.11
EOPRPUS,Fuel Ethanol Production,million barrels per day,0.92,0.90,0.91,0.88,0.89,0.91,0.89,0.90,0.89,0.90,0.95,0.96,0.94,0.92,0.89,0.88,0.89,0.88,0.81,0.84,0.81,0.81,0.82,0.83,0.80,0.80,0.83,0.85,0.88,0.89,0.87,0.85,0.85,0.90,0.93,0.95,0.91,0.90,0.91,0.92,0.93,0.95,0.95,0.92,0.93,0.92,0.95,0.99,0.96,0.96,0.95,0.93,0.96,0.99,0.98,0.96,0.95,0.96,0.99,1.00,0.98,0.99,0.99,0.94,0.98,1.01,1.01,1.02,0.99,0.99,0.99,0.99,1.01,0.99,0.99,0.99,0.99,1.01,1.00,0.98,0.99,0.97,1.00,0.98
PAFPPUS,Petroleum Products Adjustment,million barrels per day,0.18,0.16,0.17,0.18,0.17,0.17,0.16,0.19,0.17,0.18,0.19,0.20,0.19,0.19,0.17,0.16,0.19,0.20,0.19,0.20,0.21,0.19,0.20,0.20,0.19,0.18,0.19,0.21,0.21,0.19,0.22,0.24,0.22,0.21,0.22,0.22,0.21,0.19,0.20,0.22,0.22,0.24,0.23,0.22,0.21,0.23,0.24,0.24,0.21,0.20,0.20,0.20,0.22,0.21,0.23,0.20,0.21,0.20,0.23,0.22,0.23,0.21,0.20,0.23,0.23,0.20,0.22,0.22,0.23,0.22,0.23,0.24,0.22,0.22,0.22,0.23,0.23,0.24,0.24,0.24,0.24,0.23,0.24,0.25
PANIPUS,Product Net Imports,million barrels per day,0.30,-0.11,-0.12,-0.12,0.05,-0.11,-0.57,-0.74,-0.83,-0.96,-0.66,-1.34,-0.41,-0.99,-1.21,-1.26,-1.00,-0.94,-1.08,-0.81,-1.00,-1.25,-1.33,-1.53,-0.64,-1.15,-0.97,-0.69,-0.91,-1.32,-1.50,-1.50,-1.41,-1.82,-1.74,-2.61,-1.95,-1.46,-1.76,-1.65,-1.58,-1.99,-2.18,-2.22,-1.91,-1.98,-2.12,-2.29,-1.79,-2.03,-1.63,-2.17,-2.07,-1.93,-2.20,-1.91,-2.31,-2.38,-2.80,-3.04,-2.45,-2.46,-2.53,-2.37,-2.76,-2.39,-2.32,-2.18,-2.76,-2.30,-2.90,-3.31,-2.54,-2.75,-2.69,-2.51,-2.30,-2.49,-2.64,-2.83,-3.01,-3.18,-3.31,-3.63
NLNIPUS,Hydrocarbon Gas Liquids,million barrels per day,0.01,0.06,-0.07,-0.16,-0.14,-0.10,-0.13,-0.10,-0.10,-0.03,-0.04,0.01,-0.04,-0.13,-0.13,-0.15,-0.11,-0.17,-0.16,-0.15,-0.17,-0.19,-0.20,-0.13,-0.03,-0.17,-0.23,-0.24,-0.30,-0.19,-0.40,-0.38,-0.29,-0.45,-0.28,-0.45,-0.38,-0.27,-0.42,-0.53,-0.62,-0.55,-0.68,-0.65,-0.66,-0.69,-0.58,-0.66,-0.61,-0.82,-0.58,-0.75,-0.83,-0.80,-0.87,-0.85,-1.02,-0.79,-0.91,-0.89,-1.05,-1.03,-0.94,-1.03,-1.23,-1.03,-1.01,-0.89,-1.09,-1.17,-1.25,-1.31,-1.19,-1.26,-1.06,-1.23,-1.27,-1.23,-1.29,-1.31,-1.40,-1.45,-1.44,-1.45
UONIPUS,Unfnished Oils,million barrels per day,0.80,0.61,0.70,0.75,0.68,0.65,0.68,0.67,0.73,0.65,0.67,0.64,0.60,0.50,0.47,0.50,0.64,0.67,0.58,0.52,0.74,0.64,0.60,0.70,0.53,0.51,0.51,0.55,0.69,0.55,0.66,0.61,0.65,0.61,0.44,0.22,0.22,0.33,0.47,0.47,0.47,0.35,0.33,0.30,0.39,0.33,0.36,0.41,0.35,0.29,0.25,0.31,0.33,0.28,0.50,0.30,0.40,0.19,0.25,0.09,0.29,0.35,0.27,0.40,0.36,0.48,0.44,0.39,0.29,0.33,0.28,0.25,0.28,0.30,0.33,0.32,0.34,0.30,0.29,0.32,0.39,0.31,0.27,0.25
OHNIPUS,Other HC/Oxygenates,million barrels per day,-0.10,-0.09,-0.14,-0.16,-0.10,-0.10,-0.13,-0.10,-0.10,-0.14,-0.14,-0.15,-0.13,-0.11,-0.10,-0.10,-0.11,-0.08,-0.09,-0.05,-0.05,-0.03,-0.02,-0.04,-0.05,-0.09,-0.04,-0.06,-0.08,-0.03,-0.04,-0.04,-0.04,-0.05,-0.04,-0.05,-0.10,-0.07,-0.10,-0.10,-0.06,-0.11,-0.08,-0.09,-0.07,-0.10,-0.09,-0.08,-0.08,-0.05,-0.07,-0.09,-0.10,-0.09,-0.07,-0.06,-0.05,-0.08,-0.06,-0.06,-0.12,-0.07,-0.11,-0.11,-0.09,-0.02,-0.04,-0.04,-0.05,-0.06,-0.05,-0.04,-0.08,-0.08,-0.07,-0.07,-0.06,-0.06,-0.05,-0.05,-0.05,-0.04,-0.04,-0.04
MBNIPUS,Motor Gasoline Blend Comp.,million barrels per day,0.72,0.61,0.59,0.82,0.96,0.79,0.66,0.60,0.55,0.51,0.68,0.57,0.68,0.52,0.48,0.58,0.59,0.62,0.59,0.67,0.41,0.41,0.38,0.32,0.41,0.38,0.42,0.61,0.71,0.56,0.51,0.49,0.38,0.37,0.38,0.33,0.26,0.27,0.37,0.52,0.73,0.50,0.52,0.58,0.28,0.39,0.32,0.47,0.38,0.42,0.43,0.46,0.50,0.62,0.59,0.66,0.55,0.39,0.20,0.28,0.34,0.35,0.34,0.58,0.64,0.72,0.60,0.55,0.53,0.55,0.39,0.41,0.42,0.37,0.40,0.59,0.70,0.70,0.55,0.55,0.46,0.41,0.43,0.43
MGNIPUS,Finished Motor Gasoline,million barrels per day,-0.31,-0.29,-0.30,-0.34,-0.31,-0.26,-0.24,-0.43,-0.43,-0.46,-0.55,-0.56,-0.28,-0.32,-0.36,-0.34,-0.27,-0.31,-0.35,-0.35,-0.37,-0.44,-0.45,-0.53,-0.39,-0.47,-0.26,-0.23,-0.21,-0.22,-0.28,-0.31,-0.28,-0.35,-0.39,-0.57,-0.43,-0.41,-0.36,-0.34,-0.45,-0.32,-0.38,-0.35,-0.26,-0.32,-0.46,-0.63,-0.48,-0.50,-0.34,-0.29,-0.34,-0.30,-0.48,-0.42,-0.29,-0.38,-0.54,-0.50,-0.52,-0.66,-0.53,-0.45,-0.51,-0.46,-0.43,-0.55,-0.62,-0.58,-0.59,-0.75,-0.53,-0.46,-0.56,-0.43,-0.40,-0.45,-0.32,-0.51,-0.45,-0.56,-0.53,-0.68
JFNIPUS,Jet Fuel,million barrels per day,-0.06,-0.03,-0.02,-0.02,0.04,0.01,-0.01,-0.02,-0.05,-0.02,-0.03,-0.11,-0.11,-0.09,-0.10,-0.04,-0.08,-0.11,-0.09,0.01,-0.05,-0.04,-0.11,-0.13,-0.10,-0.03,-0.09,-0.03,-0.01,-0.08,-0.06,-0.07,-0.07,-0.04,-0.13,-0.15,-0.09,-0.05,-0.05,0.03,-0.05,-0.04,-0.12,-0.15,-0.01,-0.11,-0.11,-0.05,-0.11,-0.07,0.01,-0.06,0.04,0.06,-0.02,-0.02,-0.10,-0.04,-0.09,-0.05,-0.05,-0.06,0.03,-0.04,-0.01,-0.08,0.03,-0.05,-0.00,-0.01,-0.12,-0.11,-0.05,-0.02,-0.02,-0.00,-0.01,-0.03,-0.01,0.04,0.01,-0.04,-0.12,-0.09
DFNIPUS,Distillate Fuel Oil,million barrels per day,-0.40,-0.46,-0.46,-0.68,-0.56,-0.60,-0.79,-0.69,-0.75,-0.94,-0.80,-0.95,-0.72,-0.78,-0.77,-0.98,-0.94,-1.00,-0.93,-0.87,-0.92,-0.96,-0.87,-0.83,-0.56,-0.66,-0.66,-0.61,-0.96,-1.17,-1.24,-1.19,-1.22,-1.23,-1.12,-1.12,-0.78,-0.52,-0.69,-0.98,-0.96,-1.05,-1.08,-1.15,-0.97,-0.81,-0.96,-0.89,-0.77,-0.56,-0.69,-0.98,-1.09,-1.08,-1.19,-0.93,-1.17,-1.05,-1.03,-1.15,-0.78,-0.71,-1.06,-1.12,-1.12,-1.38,-1.26,-1.05,-1.19,-0.90,-0.99,-1.05,-0.89,-0.92,-1.12,-1.11,-1.03,-1.12,-1.21,-1.19,-1.34,-1.14,-1.23,-1.23
RFNIPUS,Residual Fuel Oil,million barrels per day,-0.03,-0.11,0.01,0.02,-0.15,-0.06,-0.23,-0.23,-0.17,-0.05,-0.02,-0.13,-0.06,-0.08,-0.14,-0.17,-0.24,-0.04,-0.06,-0.15,-0.09,-0.11,-0.15,-0.29,-0.00,-0.12,-0.16,-0.13,-0.29,-0.23,-0.11,-0.09,-0.05,-0.13,-0.13,-0.21,-0.19,-0.21,-0.29,-0.14,-0.15,-0.26,-0.18,-0.16,-0.16,-0.16,-0.14,-0.23,-0.06,-0.13,-0.17,-0.27,-0.13,-0.19,-0.16,-0.14,-0.06,-0.13,-0.06,-0.11,0.00,-0.14,-0.05,0.00,-0.19,0.01,-0.01,-0.04,-0.08,0.00,-0.05,-0.07,-0.05,-0.13,-0.09,-0.09,-0.17,-0.15,-0.12,-0.18,-0.12,-0.13,-0.07,-0.15
PSNIPUS,Other Oils,million barrels per day,-0.32,-0.42,-0.43,-0.34,-0.38,-0.44,-0.38,-0.43,-0.52,-0.48,-0.42,-0.67,-0.36,-0.49,-0.54,-0.55,-0.48,-0.51,-0.56,-0.46,-0.50,-0.53,-0.50,-0.60,-0.44,-0.51,-0.46,-0.55,-0.47,-0.50,-0.56,-0.53,-0.50,-0.57,-0.46,-0.61,-0.45,-0.52,-0.69,-0.57,-0.48,-0.51,-0.50,-0.55,-0.46,-0.50,-0.46,-0.63,-0.42,-0.62,-0.45,-0.50,-0.45,-0.42,-0.50,-0.45,-0.57,-0.50,-0.57,-0.66,-0.57,-0.51,-0.49,-0.61,-0.62,-0.63,-0.63,-0.49,-0.55,-0.46,-0.53,-0.66,-0.45,-0.54,-0.50,-0.46,-0.40,-0.44,-0.48,-0.50,-0.51,-0.53,-0.57,-0.68
PROD_DRAW,Product Inventory Net Withdrawals,million barrels per day,-0.12,1.16,0.52,0.11,-0.83,-0.48,-0.80,-0.04,-0.08,0.59,-0.03,0.45,-0.31,0.35,0.28,0.29,-0.20,-0.48,-0.58,0.07,-0.41,0.51,0.09,-0.35,0.30,1.02,0.16,-0.38,-0.43,-0.56,-0.27,-0.23,-0.11,1.03,0.42,0.37,0.73,0.27,0.06,-0.66,-1.02,-0.48,-0.61,-0.41,-0.39,0.82,-0.15,-0.35,0.16,0.93,-0.16,-0.54,-0.78,-0.64,-0.35,-0.69,-0.22,0.61,-0.42,0.02,-0.17,0.54,0.16,-0.19,-0.42,-0.34,-0.76,-0.22,0.03,0.81,0.36,0.56,0.29,0.81,0.27,-0.22,-0.63,-0.56,-0.48,-0.16,-0.15,0.82,0.29,0.41
PASUPPLY,Total Supply,million barrels per day,18.90,18.81,19.23,18.59,18.42,19.18,18.71,19.35,18.85,18.80,19.02,18.72,18.30,18.64,18.16,18.21,18.59,18.86,18.52,19.16,18.09,18.71,18.53,18.12,18.75,18.64,18.53,18.58,18.78,18.81,19.26,19.12,19.25,19.31,19.49,18.98,19.10,18.91,18.46,18.85,18.59,18.89,19.28,19.40,19.25,19.69,19.37,19.46,19.22,19.68,19.35,19.26,19.30,19.84,20.13,19.93,19.42,19.50,19.14,19.60,19.11,19.68,19.62,19.26,19.20,19.80,19.71,20.13,19.50,19.95,19.80,19.93,19.38,19.62,19.65,19.60,19.62,19.96,20.21,20.24,19.90,20.13,20.23,20.28
,Consumption,,,,,,,,,,,,,,,,,,,,,,,,,,,,,,,,,,,,,,,,,,,,,,,,,,,,,,,,,,,,,,,,,,,,,,,,,,,,,,,,,,,,,
NLTCPUS,Hydrocarbon Gas Liquids,million barrels per day,2.58,2.54,2.34,2.03,2.02,1.99,1.97,2.08,2.07,2.24,2.42,2.57,2.59,2.47,2.23,2.15,2.16,2.05,2.13,2.21,2.16,2.43,2.43,2.59,2.79,2.76,2.56,2.33,2.16,2.16,2.24,2.22,2.43,2.60,2.80,2.91,2.99,2.67,2.43,2.21,1.97,2.18,2.15,2.38,2.42,2.49,2.73,2.77,2.88,2.90,2.56,2.38,2.31,2.42,2.46,2.44,2.27,2.55,2.60,2.84,2.96,2.72,2.51,2.30,2.26,2.19,2.38,2.30,2.29,2.55,2.69,2.90,2.82,2.79,2.65,2.38,2.32,2.42,2.59,2.68,2.57,2.75,3.00,3.20
UOTCPUS,Unfinished Oils,million barrels per day,0.08,-0.04,0.15,0.04,-0.11,-0.08,0.05,0.04,0.05,0.01,0.10,0.02,-0.02,0.10,0.06,-0.07,-0.14,0.04,-0.03,-0.01,-0.07,0.14,0.13,0.20,-0.08,0.05,-0.07,-0.05,0.05,-0.07,0.08,-0.12,0.13,0.01,0.13,0.05,-0.14,-0.01,-0.06,0.04,-0.02,-0.11,-0.08,-0.07,0.05,0.02,0.01,-0.09,-0.09,0.02,-0.04,-0.03,0.14,0.10,0.08,-0.06,-0.07,-0.18,-0.02,0.04,-0.02,0.18,-0.11,-0.01,-0.11,-0.06,-0.15,0.01,0.07,0.01,0.06,0.05,-0.04,0.02,0.01,-0.00,-0.02,-0.01,-0.01,-0.03,0.00,0.00,0.04,0.05
MGTCPUSX,Motor Gasoline,million barrels per day,8.37,8.60,8.80,8.80,8.82,9.07,9.03,8.93,8.74,8.65,8.54,8.68,8.19,8.60,8.58,8.74,8.98,9.00,8.81,9.15,8.56,8.70,8.48,8.39,8.33,8.40,8.64,8.86,9.03,9.08,9.15,9.12,8.95,8.94,8.92,8.67,8.27,8.65,8.70,8.96,9.02,9.04,9.25,9.31,8.82,9.15,8.92,8.94,8.64,8.83,9.06,9.19,9.26,9.42,9.47,9.46,9.29,9.24,9.11,9.15,8.67,9.21,9.40,9.21,9.44,9.66,9.60,9.59,9.32,9.23,9.31,9.21,8.84,9.15,9.25,9.43,9.50,9.62,9.66,9.54,9.40,9.46,9.37,9.26
EOTCPUS,Fuel Ethanol blended into Motor Gasoline,million barrels per day,0.78,0.85,0.83,0.81,0.85,0.90,0.81,0.90,0.82,0.84,0.84,0.86,0.78,0.83,0.83,0.84,0.87,0.88,0.83,0.90,0.81,0.87,0.81,0.81,0.79,0.81,0.84,0.87,0.88,0.91,0.87,0.87,0.88,0.89,0.87,0.87,0.82,0.86,0.83,0.87,0.89,0.90,0.90,0.90,0.87,0.91,0.89,0.89,0.85,0.89,0.89,0.88,0.93,0.94,0.94,0.94,0.93,0.91,0.92,0.90,0.86,0.94,0.94,0.90,0.94,0.97,0.97,0.97,0.97,0.96,0.93,0.92,0.89,0.91,0.91,0.94,0.95,0.97,0.96,0.95,0.94,0.95,0.94,0.92
JFTCPUS,Jet Fuel,million barrels per day,1.35,1.35,1.38,1.46,1.42,1.54,1.47,1.55,1.42,1.38,1.42,1.35,1.31,1.35,1.38,1.35,1.41,1.55,1.47,1.47,1.38,1.35,1.38,1.38,1.31,1.34,1.39,1.44,1.46,1.45,1.55,1.52,1.42,1.46,1.43,1.43,1.36,1.38,1.43,1.46,1.40,1.54,1.56,1.52,1.48,1.48,1.48,1.54,1.38,1.45,1.55,1.53,1.52,1.65,1.65,1.60,1.53,1.61,1.52,1.58,1.45,1.53,1.54,1.56,1.56,1.71,1.71,1.71,1.63,1.65,1.54,1.54,1.44,1.48,1.52,1.53,1.56,1.64,1.66,1.67,1.59,1.58,1.56,1.58
DFTCPUS,Distillate Fuel Oil,million barrels per day,3.96,3.91,4.05,3.75,3.70,3.95,3.56,4.01,3.94,4.00,4.11,3.85,3.86,3.92,3.71,3.72,3.76,3.73,3.56,3.74,3.67,3.85,3.85,3.53,4.06,3.98,3.77,3.85,3.75,3.66,3.62,3.69,3.72,4.04,3.89,3.86,4.34,4.16,4.07,3.99,3.95,3.90,3.87,3.87,3.93,4.27,3.92,4.18,4.19,4.56,4.08,4.03,3.78,3.90,3.90,3.91,4.06,4.01,3.74,3.83,3.82,3.96,3.94,3.82,3.75,3.83,3.58,3.89,3.66,4.04,3.89,3.99,4.05,4.10,3.95,3.94,3.89,3.81,3.73,3.84,3.84,4.01,3.93,3.99
RFTCPUS,Residual Fuel Oil,million barrels per day,0.58,0.57,0.46,0.48,0.47,0.48,0.33,0.35,0.49,0.40,0.42,0.52,0.45,0.39,0.41,0.42,0.32,0.36,0.46,0.40,0.38,0.31,0.32,0.20,0.34,0.30,0.44,0.27,0.24,0.29,0.36,0.41,0.37,0.27,0.36,0.17,0.32,0.24,0.18,0.28,0.23,0.25,0.25,0.22,0.28,0.25,0.34,0.25,0.29,0.19,0.26,0.17,0.23,0.20,0.32,0.30,0.27,0.24,0.30,0.32,0.34,0.20,0.40,0.48,0.33,0.40,0.45,0.34,0.39,0.42,0.34,0.35,0.34,0.26,0.35,0.34,0.27,0.27,0.32,0.26,0.31,0.25,0.32,0.30
PSTCPUS,Other Oils,million barrels per day,1.99,1.87,2.05,2.03,2.09,2.24,2.29,2.39,2.13,2.11,2.02,1.72,1.92,1.81,1.78,1.90,2.11,2.12,2.12,2.19,2.01,1.92,1.93,1.84,2.00,1.81,1.80,1.88,2.09,2.23,2.26,2.27,2.24,2.00,1.96,1.87,1.96,1.81,1.72,1.92,2.04,2.08,2.29,2.16,2.26,2.04,1.98,1.86,1.93,1.72,1.88,2.00,2.06,2.16,2.24,2.27,2.07,2.02,1.88,1.85,1.84,1.88,1.95,1.90,1.98,2.06,2.14,2.29,2.13,2.05,1.97,1.89,1.94,1.82,1.91,1.99,2.10,2.21,2.26,2.27,2.20,2.07,2.00,1.91
PATCPUSX,Total Consumption,million barrels per day,18.91,18.81,19.23,18.59,18.42,19.18,18.71,19.35,18.85,18.80,19.02,18.72,18.30,18.64,18.16,18.21,18.59,18.86,18.52,19.16,18.09,18.71,18.53,18.12,18.75,18.64,18.53,18.58,18.78,18.81,19.26,19.12,19.25,19.31,19.49,18.96,19.10,18.91,18.46,18.85,18.59,18.89,19.28,19.40,19.25,19.69,19.37,19.46,19.22,19.68,19.35,19.26,19.30,19.84,20.13,19.93,19.42,19.50,19.14,19.60,19.06,19.68,19.62,19.26,19.20,19.80,19.72,20.13,19.50,19.95,19.80,19.93,19.38,19.62,19.65,19.60,19.62,19.96,20.21,20.24,19.90,20.13,20.23,20.28
, ,,,,,,,,,,,,,,,,,,,,,,,,,,,,,,,,,,,,,,,,,,,,,,,,,,,,,,,,,,,,,,,,,,,,,,,,,,,,,,,,,,,,,
PAIMPORT,Total Petroleum and Other Liquids Net Imports,million barrels per day,9.41,8.04,9.02,8.67,9.07,9.09,8.63,8.16,8.05,7.90,8.00,7.32,8.04,7.50,7.49,7.34,7.91,8.21,7.56,7.80,7.31,6.79,6.78,6.01,7.21,6.01,6.42,6.93,6.70,6.29,6.45,6.52,6.40,5.53,5.42,4.94,5.39,5.50,5.26,5.63,5.27,4.68,5.03,4.86,5.23,4.79,4.66,4.51,4.89,4.63,5.53,4.44,4.65,4.95,4.61,5.35,4.51,4.22,4.25,4.47,4.86,5.07,5.00,4.67,4.52,4.84,5.30,5.20,4.69,4.99,4.56,4.13,4.58,4.26,4.73,5.07,5.05,4.91,4.93,4.95,4.79,4.10,4.20,3.80
,End-of-period Inventories,,,,,,,,,,,,,,,,,,,,,,,,,,,,,,,,,,,,,,,,,,,,,,,,,,,,,,,,,,,,,,,,,,,,,,,,,,,,,,,,,,,,,
,Commercial Inventory,,,,,,,,,,,,,,,,,,,,,,,,,,,,,,,,,,,,,,,,,,,,,,,,,,,,,,,,,,,,,,,,,,,,,,,,,,,,,,,,,,,,,
COSXPUS,Crude Oil (excluding SPR),million barrelsundefined end-of-period,323.5,326.8,338.4,344.4,346.1,333.7,324.3,324.8,308.2,314.9,314.6,308.2,317.9,322.9,347.6,357.0,363.8,362.2,346.7,336.4,343.3,349.5,352.4,337.8,349.3,356.8,364.6,367.6,363.3,348.8,339.4,337.1,344.0,352.6,344.2,327.2,336.2,345.3,355.0,365.3,365.5,354.3,338.7,331.1,332.2,351.7,356.7,360.9,389.2,415.3,443.2,452.7,449.0,438.8,424.8,425.9,429.1,455.2,456.0,449.2,468.7,488.4,501.5,506.3,509.0,498.0,490.0,483.6,469.8,483.4,480.0,467.9,475.0,479.0,486.8,490.2,484.9,471.5,457.1,450.8,450.4,455.0,450.9,438.0
NLPSPUS,Hydrocarbon Gas Liquids,million barrelsundefined end-of-period,102.2,87.2,85.5,94.9,108.3,122.8,138.1,149.7,152.5,151.9,142.1,129.4,118.0,110.9,118.4,131.8,148.4,163.2,176.5,187.0,191.2,182.3,171.0,153.3,134.9,121.4,116.4,125.7,143.0,160.4,172.6,187.3,190.8,176.8,157.3,128.4,103.4,95.6,99.5,118.0,142.8,166.1,189.6,206.8,211.7,207.0,192.5,175.4,155.2,134.7,140.5,159.5,180.3,196.0,209.0,224.3,229.2,228.1,217.0,197.0,164.9,147.8,154.4,170.2,187.1,211.8,230.2,248.6,253.3,242.8,221.6,193.6,172.1,155.4,158.5,170.8,188.5,205.0,218.4,229.4,232.7,224.1,205.6,181.1
UOPSPUS,Unfinished Oils,million barrelsundefined end-of-period,83.2,85.4,87.9,91.4,91.2,91.9,88.9,89.2,88.6,91.2,85.5,78.8,85.5,88.9,90.5,87.5,88.1,86.4,84.7,82.1,88.3,87.8,86.5,82.3,88.3,86.5,89.9,92.0,87.2,86.8,83.7,82.8,81.6,85.4,85.1,78.0,83.9,89.5,91.9,94.9,92.9,87.6,84.8,82.9,84.3,90.3,85.5,78.3,85.4,85.3,85.0,86.2,84.1,86.3,89.5,88.6,89.0,87.3,86.1,82.9,87.8,89.1,91.4,90.0,90.0,86.7,88.1,84.0,81.8,85.8,84.1,78.9,84.7,86.9,89.3,90.5,89.1,88.1,85.8,84.5,85.6,87.3,84.9,79.2
OHPSPUS,Other HC/Oxygenates,million barrelsundefined end-of-period,22.7,23.3,23.8,23.7,23.3,21.9,21.7,20.8,21.2,20.6,21.1,21.4,24.8,26.3,26.3,25.8,25.3,24.6,23.3,22.0,22.8,21.6,22.6,23.3,23.4,21.9,21.6,21.0,20.5,19.9,20.7,21.1,20.0,19.6,20.8,21.6,22.3,22.4,22.7,22.5,23.3,23.3,23.7,22.1,22.4,21.3,21.1,23.3,26.3,27.1,27.0,26.5,25.9,25.2,25.5,24.7,23.9,23.9,25.6,27.1,28.6,29.1,28.2,27.3,26.9,27.7,27.7,27.4,26.4,26.0,26.4,27.0,28.6,28.8,29.1,28.6,28.5,28.0,27.7,27.2,27.2,26.5,27.0,27.5
MGTSPUS,Total Motor Gasoline,million barrelsundefined end-of-period,235.6,229.7,215.0,204.3,213.8,215.0,215.2,210.4,214.8,206.6,219.7,223.1,233.6,230.6,218.6,210.6,205.0,207.6,209.6,200.7,200.9,203.0,215.3,230.9,234.4,226.8,224.7,220.8,221.3,224.4,222.4,217.6,219.8,214.0,216.8,228.0,235.9,229.5,221.6,216.8,218.2,219.3,217.6,212.1,212.5,203.7,219.6,240.4,244.0,241.3,232.9,228.6,222.6,221.1,217.7,218.3,225.2,217.4,222.9,235.5,261.0,255.6,243.3,242.7,242.6,242.1,240.3,229.9,227.1,223.0,230.3,239.5,245.9,243.5,233.6,228.4,228.2,229.8,231.0,227.0,228.9,222.0,230.6,240.8
MGPSPUS,Finished Motor Gasoline,million barrelsundefined end-of-period,69.6,67.8,61.2,54.6,56.4,55.5,53.3,54.5,56.3,55.1,57.6,60.6,61.5,58.7,54.1,50.5,50.0,51.9,52.0,48.3,47.8,49.7,52.6,55.2,55.2,53.1,47.3,45.1,46.4,48.6,49.7,47.7,39.8,37.6,37.5,39.0,39.4,37.7,34.4,31.1,31.5,28.8,28.9,27.7,28.4,27.8,29.7,31.2,30.5,30.4,26.7,25.1,26.1,25.2,24.1,26.0,29.0,27.7,27.8,28.6,26.8,27.2,26.5,25.0,23.7,24.9,24.8,25.6,25.2,24.7,26.8,27.9,29.7,30.7,27.1,24.2,25.5,25.7,28.1,26.4,26.6,24.8,26.8,28.2
MBPSPUS,Motor Gasoline Blend Comp.,million barrelsundefined end-of-period,166.0,161.9,153.8,149.6,157.4,159.5,161.9,155.8,158.5,151.6,162.1,162.5,172.1,172.0,164.5,160.1,155.0,155.7,157.6,152.4,153.1,153.3,162.6,175.7,179.2,173.6,177.3,175.7,175.0,175.7,172.6,169.9,180.0,176.4,179.3,189.1,196.5,191.8,187.2,185.6,186.7,190.5,188.7,184.4,184.1,175.9,189.8,209.1,213.4,210.9,206.2,203.5,196.5,195.9,193.7,192.2,196.2,189.7,195.2,206.9,234.2,228.4,216.9,217.7,218.9,217.2,215.5,204.3,201.9,198.3,203.5,211.6,216.2,212.8,206.5,204.2,202.8,204.1,202.9,200.6,202.2,197.2,203.8,212.6
JFPSPUS,Jet Fuel,million barrelsundefined end-of-period,41.8,39.4,40.1,38.4,41.2,42.3,44.2,43.1,45.9,45.1,41.9,41.5,42.1,41.1,39.1,40.3,39.9,38.5,40.0,43.2,44.0,44.7,41.0,39.6,39.6,40.5,39.9,41.3,40.8,40.4,39.2,39.5,41.1,39.0,37.0,37.2,37.8,38.4,36.4,38.6,39.0,37.1,35.7,35.8,39.8,36.5,36.0,38.3,39.2,39.6,38.3,38.4,42.5,43.8,43.7,43.0,40.5,37.5,38.1,40.4,42.5,42.2,43.8,43.5,44.5,40.4,41.9,42.7,44.9,42.2,40.3,40.3,41.0,40.7,40.1,40.9,41.8,41.4,42.1,42.2,43.8,42.0,40.1,40.1
DFPSPUS,Distillate Fuel Oil,million barrelsundefined end-of-period,163.1,154.1,149.2,142.9,144.8,143.9,154.5,155.1,153.4,142.3,143.9,149.2,147.2,139.3,133.7,124.7,121.4,119.9,126.5,127.3,127.4,118.7,118.0,134.8,131.3,122.0,118.7,118.8,122.1,122.5,126.0,129.1,129.3,118.0,121.1,127.5,114.7,113.1,115.2,116.7,121.6,121.6,125.5,128.3,131.4,120.4,126.2,136.3,132.6,123.6,128.7,129.8,135.4,139.6,142.1,152.5,149.4,143.6,157.2,161.3,160.6,162.7,160.6,154.7,154.4,149.2,156.0,159.5,160.2,149.3,153.0,157.5,152.7,144.2,138.7,135.7,138.8,141.4,146.3,149.5,148.3,140.6,143.4,148.5
RFPSPUS,Residual Fuel Oil,million barrelsundefined end-of-period,39.4,35.3,37.7,39.9,37.6,37.9,38.2,39.0,34.7,36.9,39.3,34.2,34.0,36.0,36.6,34.6,33.0,36.9,35.9,34.2,35.5,37.4,37.0,34.0,35.5,38.0,37.0,40.3,39.0,37.6,37.8,35.2,35.6,36.3,35.7,38.1,36.9,36.4,36.0,36.0,38.3,36.6,35.7,37.5,36.6,36.8,36.3,33.7,34.4,37.1,38.4,39.2,41.4,42.0,40.1,38.9,41.6,43.2,43.6,42.1,44.1,46.0,44.5,43.3,40.4,40.3,38.3,39.6,39.0,39.9,40.6,39.4,39.9,40.8,41.6,42.5,42.3,42.0,40.9,39.9,39.5,40.5,41.2,39.9
PSPSPUS,Other Oils,million barrelsundefined end-of-period,49.7,51.0,50.1,50.8,51.7,50.5,50.4,45.1,43.8,41.7,43.7,45.9,47.9,49.8,51.0,50.4,50.7,49.2,47.9,45.7,44.5,43.4,44.5,48.9,50.2,51.9,55.8,55.4,54.8,53.6,51.5,48.5,46.1,43.4,45.9,49.4,51.0,53.4,52.9,52.7,51.7,50.6,48.3,48.1,46.7,44.1,47.2,49.6,53.1,55.4,58.3,57.1,57.4,54.6,51.8,50.3,48.4,47.3,50.4,53.9,55.9,57.3,58.4,58.9,57.7,55.6,54.9,52.3,50.4,49.0,50.7,53.6,56.0,57.8,58.9,58.8,58.6,56.7,55.0,52.6,50.7,48.3,50.2,53.1
PASXPUS,Total Commercial Inventory,million barrelsundefined end-of-period,1061,1032,1028,1031,1058,1060,1075,1077,1063,1051,1052,1032,1051,1046,1062,1063,1076,1088,1091,1079,1098,1088,1088,1085,1087,1066,1069,1083,1092,1094,1093,1098,1108,1085,1064,1036,1022,1023,1031,1062,1093,1096,1100,1105,1118,1112,1121,1136,1159,1159,1192,1218,1238,1247,1244,1266,1276,1284,1297,1289,1314,1318,1326,1337,1353,1352,1367,1368,1353,1341,1327,1298,1296,1277,1276,1286,1301,1304,1305,1303,1307,1286,1274,1248
COSQPUS,Crude Oil in SPR,million barrelsundefined end-of-period,727,727,727,727,727,727,718,696,696,696,696,696,696,696,696,696,696,696,696,696,695,695,695,695,696,696,696,696,696,696,696,696,696,696,696,696,696,696,696,693,691,691,691,691,691,691,691,691,691,691,691,691,692,694,695,695,695,695,695,695,695,695,695,695,695,695,695,695,695,695,695,695,695,695,695,695,695,695,695,695,695,695,694,694